ASV,baseMean,log2FoldChange,lfcSE,stat,pvalue,padj,Kingdom,Phylum,Class,Order,Family,Genus,Species
TACGTATGTCCCGAGCGTTATCCGGATTTATTGGGCGTAAAGCGAGCGCAGACGGTTCGATAAGTCTGAAGTGAAAGCCCACAGCTCAACTGTGGAAGTGCTTTGGAAACTGTCGAACTTGAGTGCAGTAGAGGTAAGTGGAACTCCATGTGTAGCGGTGGAATGCGTAGATATATGGAAGAACACCAGTGGCGAAGGCGGCTTACTGGACTGCAACTGACGTTGAGGCTCGAAAGTGTGGGTAGCAAACAGG,103.3605191,-24.983846,2.702775197,-9.243775074,2.38E-20,7.85E-19,Bacteria,Firmicutes,Bacilli,Lactobacillales,Leuconostocaceae,Fructobacillus,Fructobacillus Genus
TACGGAGGGTGCAAGCGTTAATCGGAATTACTGGGCGTAAAGCGCACGCAGGCGGTCTGTCAAGTCGGATGTGAAATCCCCGGGCTCAACCCGGGAACTGCATTCGAAACTGGCAGGCTAGAGTCTTGTAGAGGGGGGTAGAATTCCAGGTGTAGCGGTGAAATGCGTAGAGATCTGGAGGAATACCGGTGGCGAAGGCGGCCCCCTGGACAAAGACTGACGCTCAGGTGCGAAAGCGTGGGGAGCAAACAGG,59.44909813,-24.54890481,2.641365921,-9.294018906,1.49E-20,7.85E-19,Bacteria,Proteobacteria,Gammaproteobacteria,Enterobacteriales,Enterobacteriaceae,Enterobacteriaceae Family,Enterobacteriaceae Family
TACGTAGGTGGCAAGCGTTGTCCGGATTTATTGGGCGTAAAGCGAGCGCAGGCGGTTTTTTAAGTCTGATGTGAAAGCCTTCGGCTCAACCGAAGAAGTGCATCGGAAACTGGGAAACTTGAGTGCAGAAGAGGACAGTGGAACTCCATGTGTAGCGGTGAAATGCGTAGATATATGGAAGAACACCAGTGGCGAAGGCGGCTGTCTGGTCTGTAACTGACGCTGAGGCTCGAAAGTATGGGTAGCAAACAGG,34.23051143,24.17754408,2.926380771,8.261926924,1.43E-16,3.15E-15,Bacteria,Firmicutes,Bacilli,Lactobacillales,Lactobacillaceae,Lactobacillus,Lactobacillus Genus
TACGGAGGGTGCGAGCGTTAATCGGAATGACTGGGCGTAAAGGGCATGTAGGCGGATAGATAAGTTAGATGTGAAATCCCTGAGCTTAACTTAGGAACTGCATTTAAAACTGTTTATCTAGAGTATTGTAGAGGAAGGTAGAATTCCATGTGTAGCGGTGAAATGCGTAGAGATGTGGAGGAATACCGGTGGCGAAGGCGGCCTTCTGGACAGATACTGACGCTGAGGTGCGAAAGCGTGGGGAGCAAACAGG,40.8804844,8.30372085,1.634451566,5.080432497,3.77E-07,5.72E-06,Bacteria,Proteobacteria,Gammaproteobacteria,Orbales,Orbaceae,Orbaceae Family,Orbaceae Family
TACGAAGGGGGCTAGCGTTGCTCGGAATGACTGGGCGTAAAGGGCGTGTAGGCGGTTTGTACAGTTAGATGTGAAATCCCCGGGCTTAACCTGGGAGCTGCATTTAATACGTGCAGACTAGAGTGTGAGAGAGGGTTGTGGAATTCCCAGTGTAGAGGTGAAATTCGTAGATATTGGGAAGAACACCGGTGGCGAAGGCGGCAACCTGGCTCATTACTGACGCTGAGGCGCGAAAGCGTGGGGAGCAAACAGG,54.98553776,8.72504536,1.726520118,5.053543986,4.34E-07,5.72E-06,Bacteria,Proteobacteria,Alphaproteobacteria,Acetobacterales,Acetobacteraceae,Acetobacter,Acetobacter Genus
TACGAAGGGGGCTAGCGTTGCTCGGAATGACTGGGCGTAAAGGGCGCGTAGGCGGTTTGGACAGTCAGATGTGAAATCCCCGGGCTTAACCTGGGAACTGCATTTGATACGTCCAGACTAGAGTTCGAGAGAGGGTTGTGGAATTCCCAGTGTAGAGGTGAAATTCGTAGATATTGGGAAGAACACCGGTGGCGAAGGCGGCAACCTGGCTCGATACTGACGCTGAGGCGCGAAAGCGTGGGGAGCAAACAGG,25.90595635,7.644355215,1.636446079,4.67131506,2.99E-06,3.20E-05,Bacteria,Proteobacteria,Alphaproteobacteria,Acetobacterales,Acetobacteraceae,Gluconobacter,Gluconobacter Genus
TACGAAGGGGGCAAGCGTTGCTCGGAATGACTGGGCGTAAAGGGCGCGTAGGCGGTTTTAACAGTCAGATGTGAAATTCCTGGGCTTAACCTGGGGGCTGCATTTGATACGTTGAGACTAGAGTGTGAGAGAGGGTTGTGGAATTCCCAGTGTAGAGGTGAAATTCGTAGATATTGGGAAGAACACCGGTGGCGAAGGCGGCAACCTGGCTCATTACTGACGCTGAGGCGCGAAAGCGTGGGGAGCAAACAGG,29.7362414,7.84017716,1.687797965,4.645210697,3.40E-06,3.20E-05,Bacteria,Proteobacteria,Alphaproteobacteria,Acetobacterales,Acetobacteraceae,Komagataeibacter,Komagataeibacter Genus
TACGGAGGGTGCAAGCGTTAATCGGAATTACTGGGCGTAAAGCGCACGCAGGCGGTCTGTCAAGTCGGATGTGAAATCCCCGGGCTCAACCCGGGAACTGCATTCGAAACTGGCAGACTAGAGTCTTGTAGAGGGGGGTAGAATTCCAGGTGTAGCGGTGAAATGCGTAGAGATCTGGAGGAATACCGGTGGCGAAGGCGGCCCCCTGGACAAAGACTGACGCTCAGGTGCGAAAGCGTGGGGAGCAAACAGG,857.9955797,-6.440745325,1.419636329,-4.536898073,5.71E-06,4.71E-05,Bacteria,Proteobacteria,Gammaproteobacteria,Enterobacteriales,Enterobacteriaceae,Tatumella,Tatumella Genus
TACGAAGGGGGCAAGCGTTGCTCGGAATGACTGGGCGTAAAGGGCGCGTAGGCGGTTGACACAGTCAGATGTGAAATTCCCGGGCTTAACCTGGGGGCTGCATTTGATACGTGGCGACTAGAGTGTGAGAGAGGGTTGTGGAATTCCCAGTGTAGAGGTGAAATTCGTAGATATTGGGAAGAACACCGGTGGCGAAGGCGGCAACCTGGCTCATAACTGACGCTGAGGCGCGAAAGCGTGGGGAGCAAACAGG,9.529771397,6.196314548,1.82658155,3.392301071,0.000693082,0.005082604,Bacteria,Proteobacteria,Alphaproteobacteria,Acetobacterales,Acetobacteraceae,Komagataeibacter,xylinus
TACGGAGGGTGCAAGCGTTAATCGGAATTACTGGGCGTAAAGCGCACGCAGGCGGTCTGTCAAGTCGGATGTGAAATCCCCGGGCTCAACCTGGGAACTGCATTCGAAACTGGCAGGCTTGAGTCTCGTAGAGGGGGGTAGAATTCCAGGTGTAGCGGTGAAATGCGTAGAGATCTGGAGGAATACCGGTGGCGAAGGCGGCCCCCTGGACGAAGACTGACGCTCAGGTGCGAAAGCGTGGGGAGCAAACAGG,5.968283393,5.522716387,1.828566671,3.020243383,0.002525716,0.016669728,Bacteria,Proteobacteria,Gammaproteobacteria,Enterobacteriales,Enterobacteriaceae,Pluralibacter,Pluralibacter Genus
TACGTAGGTGGCAAGCGTTGTCCGGAATTATTGGGCGTAAAGGGCTCGCAGGCGGTTTCTTAAGTCTGATGTGAAAGCCCCCGGCTCAACCGGGGAGGGTCATTGGAAACTGGGGAACTTGAGTGCAGAAGAGGAGAGTGGAATTCCACGTGTAGCGGTGAAATGCGTAGAGATGTGGAGGAACACCAGTGGCGAAGGCGACTCTCTGGTCTGTAACTGACGCTGAGGAGCGAAAGCGTGGGGAGCGAACAGG,323.4279238,-3.605589549,1.299795027,-2.773967799,0.005537716,0.033226296,Bacteria,Firmicutes,Bacilli,Bacillales,Bacillaceae,Bacillus,Bacillus Genus
TACGAAGGGGGCTAGCGTTGCTCGGAATGACTGGGCGTAAAGGGCGCGTAGGCGGTTGATGCAGTCAGATGTGAAATCCCCGGGCTTAACCTGGGAACTGCATTTGATACGCATTGACTAGAGTTCGAGAGAGGGTTGTGGAATTCCCAGTGTAGAGGTGAAATTCGTAGATATTGGGAAGAACACCGGTGGCGAAGGCGGCAACCTGGCTCGATACTGACGCTGAGGCGCGAAAGCGTGGGGAGCAAACAGG,5.070733233,5.281758602,2.021331935,2.613009032,0.008974893,0.049361912,Bacteria,Proteobacteria,Alphaproteobacteria,Acetobacterales,Acetobacteraceae,Gluconobacter,wancherniae
