"","baseMean","log2FoldChange","lfcSE","stat","pvalue","padj","Kingdom","Phylum","Class","Order","Family","Genus","Species"
"TACGTATGTCCCGAGCGTTATCCGGATTTATTGGGCGTAAAGCGAGCGCAGACGGTTCGATAAGTCTGAAGTGAAAGCCCACAGCTCAACTGTGGAAGTGCTTTGGAAACTGTCGAACTTGAGTGCAGTAGAGGTAAGTGGAACTCCATGTGTAGCGGTGGAATGCGTAGATATATGGAAGAACACCAGTGGCGAAGGCGGCTTACTGGACTGCAACTGACGTTGAGGCTCGAAAGTGTGGGTAGCAAACAGG",103.360519118535,-24.9983151249378,2.70282155459412,-9.24896987092871,2.26666582008948e-20,7.47999720629528e-19,"Bacteria","Firmicutes","Bacilli","Lactobacillales","Leuconostocaceae","Fructobacillus","Fructobacillus Genus"
"TACGGAGGGTGCAAGCGTTAATCGGAATTACTGGGCGTAAAGCGCACGCAGGCGGTCTGTCAAGTCGGATGTGAAATCCCCGGGCTCAACCCGGGAACTGCATTCGAAACTGGCAGGCTAGAGTCTTGTAGAGGGGGGTAGAATTCCAGGTGTAGCGGTGAAATGCGTAGAGATCTGGAGGAATACCGGTGGCGAAGGCGGCCCCCTGGACAAAGACTGACGCTCAGGTGCGAAAGCGTGGGGAGCAAACAGG",59.4490981259586,-24.5489039757466,2.64141643138754,-9.29384086660317,1.48818848232132e-20,7.47999720629528e-19,"Bacteria","Proteobacteria","Gammaproteobacteria","Enterobacteriales","Enterobacteriaceae","Tatumella","Tatumella Genus"
"TACGTAGGTGGCAAGCGTTGTCCGGATTTATTGGGCGTAAAGCGAGCGCAGGCGGTTTTTTAAGTCTGATGTGAAAGCCTTCGGCTCAACCGAAGAAGTGCATCGGAAACTGGGAAACTTGAGTGCAGAAGAGGACAGTGGAACTCCATGTGTAGCGGTGAAATGCGTAGATATATGGAAGAACACCAGTGGCGAAGGCGGCTGTCTGGTCTGTAACTGACGCTGAGGCTCGAAAGTATGGGTAGCAAACAGG",34.2305114332998,24.1776153476376,2.92644415386211,8.26177233409009,1.43525253857377e-16,3.1575555848623e-15,"Bacteria","Firmicutes","Bacilli","Lactobacillales","Lactobacillaceae","Lactobacillus","Lactobacillus Genus"
"TACGGAGGGTGCGAGCGTTAATCGGAATGACTGGGCGTAAAGGGCATGTAGGCGGATAGATAAGTTAGATGTGAAATCCCTGAGCTTAACTTAGGAACTGCATTTAAAACTGTTTATCTAGAGTATTGTAGAGGAAGGTAGAATTCCATGTGTAGCGGTGAAATGCGTAGAGATGTGGAGGAATACCGGTGGCGAAGGCGGCCTTCTGGACAGATACTGACGCTGAGGTGCGAAAGCGTGGGGAGCAAACAGG",40.8804844028254,8.30371875685085,1.63448996093451,5.08031187423339,3.76815730964045e-07,5.72770016510988e-06,"Bacteria","Proteobacteria","Gammaproteobacteria","Orbales","Orbaceae","Orbaceae Family","Orbaceae Family"
"TACGAAGGGGGCTAGCGTTGCTCGGAATGACTGGGCGTAAAGGGCGTGTAGGCGGTTTGTACAGTTAGATGTGAAATCCCCGGGCTTAACCTGGGAGCTGCATTTAATACGTGCAGACTAGAGTGTGAGAGAGGGTTGTGGAATTCCCAGTGTAGAGGTGAAATTCGTAGATATTGGGAAGAACACCGGTGGCGAAGGCGGCAACCTGGCTCATTACTGACGCTGAGGCGCGAAAGCGTGGGGAGCAAACAGG",54.9855377583324,8.72504381000609,1.72655443736002,5.05344263766573,4.33916679174991e-07,5.72770016510988e-06,"Bacteria","Proteobacteria","Alphaproteobacteria","Acetobacterales","Acetobacteraceae","Acetobacter","Acetobacter Genus"
"TACGAAGGGGGCTAGCGTTGCTCGGAATGACTGGGCGTAAAGGGCGCGTAGGCGGTTTGGACAGTCAGATGTGAAATCCCCGGGCTTAACCTGGGAACTGCATTTGATACGTCCAGACTAGAGTTCGAGAGAGGGTTGTGGAATTCCCAGTGTAGAGGTGAAATTCGTAGATATTGGGAAGAACACCGGTGGCGAAGGCGGCAACCTGGCTCGATACTGACGCTGAGGCGCGAAAGCGTGGGGAGCAAACAGG",25.905956345419,7.64435292731554,1.63648950112684,4.67118971557829,2.99460194240098e-06,3.2049059412496e-05,"Bacteria","Proteobacteria","Alphaproteobacteria","Acetobacterales","Acetobacteraceae","Gluconobacter","Gluconobacter Genus"
"TACGAAGGGGGCAAGCGTTGCTCGGAATGACTGGGCGTAAAGGGCGCGTAGGCGGTTTTAACAGTCAGATGTGAAATTCCTGGGCTTAACCTGGGGGCTGCATTTGATACGTTGAGACTAGAGTGTGAGAGAGGGTTGTGGAATTCCCAGTGTAGAGGTGAAATTCGTAGATATTGGGAAGAACACCGGTGGCGAAGGCGGCAACCTGGCTCATTACTGACGCTGAGGCGCGAAAGCGTGGGGAGCAAACAGG",29.7362414039874,7.8401752215011,1.6878383210122,4.64509848123329,3.39914266496169e-06,3.2049059412496e-05,"Bacteria","Proteobacteria","Alphaproteobacteria","Acetobacterales","Acetobacteraceae","Komagataeibacter","Komagataeibacter Genus"
"TACGGAGGGTGCAAGCGTTAATCGGAATTACTGGGCGTAAAGCGCACGCAGGCGGTCTGTCAAGTCGGATGTGAAATCCCCGGGCTCAACCCGGGAACTGCATTCGAAACTGGCAGACTAGAGTCTTGTAGAGGGGGGTAGAATTCCAGGTGTAGCGGTGAAATGCGTAGAGATCTGGAGGAATACCGGTGGCGAAGGCGGCCCCCTGGACAAAGACTGACGCTCAGGTGCGAAAGCGTGGGGAGCAAACAGG",857.995579714888,-6.44074541990028,1.41965437537468,-4.53684046738518,5.71032692120351e-06,4.7110197099929e-05,"Bacteria","Proteobacteria","Gammaproteobacteria","Enterobacteriales","Enterobacteriaceae","Tatumella","Tatumella Genus"
"TACGAAGGGGGCAAGCGTTGCTCGGAATGACTGGGCGTAAAGGGCGCGTAGGCGGTTGACACAGTCAGATGTGAAATTCCCGGGCTTAACCTGGGGGCTGCATTTGATACGTGGCGACTAGAGTGTGAGAGAGGGTTGTGGAATTCCCAGTGTAGAGGTGAAATTCGTAGATATTGGGAAGAACACCGGTGGCGAAGGCGGCAACCTGGCTCATAACTGACGCTGAGGCGCGAAAGCGTGGGGAGCAAACAGG",9.52977139677979,6.1963113018102,1.82665491504647,3.39216304665437,0.000693431631464133,0.00508516529740364,"Bacteria","Proteobacteria","Alphaproteobacteria","Acetobacterales","Acetobacteraceae","Komagataeibacter","xylinus"
"TACGGAGGGTGCAAGCGTTAATCGGAATTACTGGGCGTAAAGCGCACGCAGGCGGTCTGTCAAGTCGGATGTGAAATCCCCGGGCTCAACCTGGGAACTGCATTCGAAACTGGCAGGCTTGAGTCTCGTAGAGGGGGGTAGAATTCCAGGTGTAGCGGTGAAATGCGTAGAGATCTGGAGGAATACCGGTGGCGAAGGCGGCCCCCTGGACGAAGACTGACGCTCAGGTGCGAAAGCGTGGGGAGCAAACAGG",5.96828339327308,5.52271188646404,1.82866423322397,3.02007978617672,0.00252708105242121,0.01667873494598,"Bacteria","Proteobacteria","Gammaproteobacteria","Enterobacteriales","Enterobacteriaceae","Pluralibacter","Pluralibacter Genus"
"TACGTAGGTGGCAAGCGTTGTCCGGAATTATTGGGCGTAAAGGGCTCGCAGGCGGTTTCTTAAGTCTGATGTGAAAGCCCCCGGCTCAACCGGGGAGGGTCATTGGAAACTGGGGAACTTGAGTGCAGAAGAGGAGAGTGGAATTCCACGTGTAGCGGTGAAATGCGTAGAGATGTGGAGGAACACCAGTGGCGAAGGCGACTCTCTGGTCTGTAACTGACGCTGAGGAGCGAAAGCGTGGGGAGCGAACAGG",323.427923805588,-3.60558948546302,1.2998101335508,-2.7739355098066,0.0055382655819783,0.0332295934918698,"Bacteria","Firmicutes","Bacilli","Bacillales","Bacillaceae","Bacillus","Bacillus Genus"
"TACGAAGGGGGCTAGCGTTGCTCGGAATGACTGGGCGTAAAGGGCGCGTAGGCGGTTGATGCAGTCAGATGTGAAATCCCCGGGCTTAACCTGGGAACTGCATTTGATACGCATTGACTAGAGTTCGAGAGAGGGTTGTGGAATTCCCAGTGTAGAGGTGAAATTCGTAGATATTGGGAAGAACACCGGTGGCGAAGGCGGCAACCTGGCTCGATACTGACGCTGAGGCGCGAAAGCGTGGGGAGCAAACAGG",5.07073323319062,5.28175413686832,2.02145214195762,2.61285143844828,0.00897903233385961,0.0493846778362279,"Bacteria","Proteobacteria","Alphaproteobacteria","Acetobacterales","Acetobacteraceae","Gluconobacter","wancherniae"
